event,frame,time_stamp,level,video_id
jump,651,00:10,1-1,1
jump,808,00:13,1-1,1
jump,1153,00:19,1-1,1
jump,1235,00:20,1-1,1
coinblock hit,1245,00:20,1-1,1
jump,1317,00:21,1-1,1
mushroom,1405,00:23,1-1,1
jump,1609,00:26,1-1,1
coinblock hit,1620,00:27,1-1,1
jump,1683,00:28,1-1,1
jump,1743,00:29,1-1,1
jump,1822,00:30,1-1,1
coinblock hit,1831,00:30,1-1,1
jump,1882,00:31,1-1,1
jump,1983,00:33,1-1,1
jump,2043,00:34,1-1,1
jump,2103,00:35,1-1,1
jump,2270,00:37,1-1,1
jump,2563,00:42,1-1,1
jump,2666,00:44,1-1,1
goomba killed,2679,00:44,1-1,1
jump,2726,00:45,1-1,1
goomba killed,2739,00:45,1-1,1
fire flower,2767,00:46,1-1,1
jump,2801,00:46,1-1,1
jump,3189,00:53,1-1,1
jump,3259,00:54,1-1,1
goomba killed,3331,00:55,1-1,1
jump,3352,00:55,1-1,1
jump,3412,00:56,1-1,1
jump,3482,00:58,1-1,1
coinblock hit,3522,00:58,1-1,1
jump,3548,00:59,1-1,1
koopa killed,3561,00:59,1-1,1
jump,3610,01:00,1-1,1
coinblock hit,3617,01:00,1-1,1
goomba killed,3624,01:00,1-1,1
coinblock hit,3657,01:00,1-1,1
jump,3679,01:01,1-1,1
coinblock hit,3731,01:02,1-1,1
jump,3739,01:02,1-1,1
jump,3799,01:03,1-1,1
fire flower,3851,01:04,1-1,1
jump,3888,01:04,1-1,1
jump,3948,01:05,1-1,1
goomba killed,4128,01:08,1-1,1
jump,4133,01:08,1-1,1
goomba killed,4235,01:10,1-1,1
jump,4288,01:11,1-1,1
coinblock hit,4337,01:12,1-1,1
jump,4370,01:12,1-1,1
coinblock hit,4377,01:12,1-1,1
goomba killed,4426,01:13,1-1,1
jump,4430,01:13,1-1,1
jump,4490,01:14,1-1,1
jump,4550,01:15,1-1,1
jump,4616,01:16,1-1,1
jump,4681,01:18,1-1,1
jump,4741,01:19,1-1,1
jump,4816,01:20,1-1,1
jump,4895,01:21,1-1,1
goomba killed,4895,01:21,1-1,1
coinblock hit,4904,01:21,1-1,1
jump,4955,01:22,1-1,1
jump,5015,01:23,1-1,1
jump,5087,01:24,1-1,1
jump,5147,01:25,1-1,1
jump,5207,01:26,1-1,1
jump,5291,01:28,1-1,1
jump,5359,01:29,1-1,1
jump,6145,01:42,1-2,1
goomba killed,6588,01:49,1-2,1
jump,6603,01:50,1-2,1
coinblock hit,6606,01:50,1-2,1
jump,6663,01:51,1-2,1
coinblock hit,6712,01:51,1-2,1
jump,6723,01:52,1-2,1
fire flower,6726,01:52,1-2,1
coinblock hit,6759,01:52,1-2,1
jump,6794,01:53,1-2,1
coinblock hit,6807,01:53,1-2,1
jump,6872,01:54,1-2,1
jump,6934,01:55,1-2,1
jump,7064,01:57,1-2,1
jump,7124,01:58,1-2,1
koopa killed,7156,01:59,1-2,1
jump,7186,01:59,1-2,1
jump,7268,02:01,1-2,1
jump,7332,02:02,1-2,1
koopa killed,7368,02:02,1-2,1
coinblock hit,7383,02:03,1-2,1
jump,7431,02:03,1-2,1
coinblock hit,7441,02:04,1-2,1
goomba killed,7524,02:05,1-2,1
jump,7542,02:05,1-2,1
koopa killed,7583,02:06,1-2,1
jump,7602,02:06,1-2,1
jump,7662,02:07,1-2,1
jump,7746,02:09,1-2,1
coinblock hit,7747,02:09,1-2,1
coinblock hit,7787,02:09,1-2,1
jump,7807,02:10,1-2,1
jump,7903,02:11,1-2,1
coinblock hit,7911,02:11,1-2,1
goomba killed,7945,02:12,1-2,1
jump,7990,02:13,1-2,1
jump,8058,02:14,1-2,1
koopa killed,8098,02:14,1-2,1
goomba killed,8136,02:15,1-2,1
jump,8153,02:15,1-2,1
jump,8229,02:17,1-2,1
jump,8289,02:18,1-2,1
goomba killed,8341,02:19,1-2,1
jump,8448,02:20,1-2,1
jump,8518,02:21,1-2,1
jump,8579,02:22,1-2,1
jump,8639,02:23,1-2,1
jump,8699,02:24,1-2,1
koopa killed,8726,02:25,1-2,1
jump,8759,02:25,1-2,1
jump,8872,02:27,1-2,1
jump,8936,02:28,1-2,1
jump,9199,02:33,1-2,1
jump,9264,02:34,1-2,1
jump,9324,02:35,1-2,1
jump,9408,02:36,1-2,1
jump,9565,02:39,1-2,1
jump,10322,02:52,1-3,1
jump,10398,02:53,1-3,1
jump,10458,02:54,1-3,1
jump,11093,03:04,1-3,1
jump,11163,03:06,1-3,1
jump,11328,03:08,1-3,1
jump,11907,03:18,1-3,1
jump,12158,03:22,1-3,1
jump,12327,03:25,1-3,1
jump,12409,03:26,1-3,1
jump,12599,03:29,1-3,1
jump,12660,03:31,1-3,1
jump,12720,03:32,1-3,1
jump,12790,03:33,1-3,1
jump,12859,03:34,1-3,1
jump,12921,03:35,1-3,1
jump,13005,03:36,1-3,1
jump,13067,03:37,1-3,1
mushroom,13087,03:38,1-3,1
jump,13200,03:40,1-3,1
jump,13260,03:41,1-3,1
jump,13320,03:42,1-3,1
jump,1073,00:17,1-1,2
coinblock hit,1090,00:18,1-1,2
jump,1133,00:18,1-1,2
jump,1204,00:20,1-1,2
goomba killed,1242,00:20,1-1,2
jump,1308,00:21,1-1,2
jump,1370,00:22,1-1,2
mushroom,1385,00:23,1-1,2
jump,1431,00:23,1-1,2
jump,1527,00:25,1-1,2
jump,1602,00:26,1-1,2
jump,1663,00:27,1-1,2
jump,1723,00:28,1-1,2
coinblock hit,1723,00:28,1-1,2
jump,1793,00:29,1-1,2
jump,1921,00:32,1-1,2
jump,2005,00:33,1-1,2
goomba killed,2034,00:33,1-1,2
jump,2072,00:34,1-1,2
jump,2132,00:35,1-1,2
goomba killed,2169,00:36,1-1,2
jump,2206,00:36,1-1,2
jump,2506,00:41,1-1,2
jump,2620,00:43,1-1,2
fire flower,2661,00:44,1-1,2
jump,2697,00:44,1-1,2
jump,3124,00:52,1-1,2
goomba killed,3214,00:53,1-1,2
jump,3319,00:55,1-1,2
koopa killed,3375,00:56,1-1,2
jump,3463,00:57,1-1,2
coinblock hit,3509,00:58,1-1,2
jump,3550,00:59,1-1,2
goomba killed,3624,01:00,1-1,2
jump,3683,01:01,1-1,2
jump,3757,01:02,1-1,2
jump,3817,01:03,1-1,2
jump,3891,01:04,1-1,2
jump,3953,01:05,1-1,2
jump,4014,01:06,1-1,2
fire flower,4099,01:08,1-1,2
jump,4151,01:09,1-1,2
coinblock hit,4182,01:09,1-1,2
jump,4215,01:10,1-1,2
goomba killed,4318,01:11,1-1,2
goomba killed,4429,01:13,1-1,2
jump,4534,01:15,1-1,2
jump,4594,01:16,1-1,2
jump,4662,01:17,1-1,2
jump,4722,01:18,1-1,2
jump,4810,01:20,1-1,2
jump,4936,01:22,1-1,2
jump,4996,01:23,1-1,2
jump,5081,01:24,1-1,2
jump,5166,01:26,1-1,2
jump,5226,01:27,1-1,2
jump,5302,01:28,1-1,2
jump,5538,01:32,1-1,2
jump,5731,01:35,1-1,2
goomba killed,6811,01:53,1-2,2
goomba killed,6871,01:54,1-2,2
jump,6905,01:55,1-2,2
fire flower,6949,01:55,1-2,2
jump,6965,01:56,1-2,2
coinblock hit,6965,01:56,1-2,2
jump,7043,01:57,1-2,2
jump,7133,01:58,1-2,2
jump,7239,02:00,1-2,2
jump,7300,02:01,1-2,2
jump,7360,02:02,1-2,2
jump,7457,02:04,1-2,2
jump,7546,02:05,1-2,2
jump,7877,02:11,1-2,2
coinblock hit,7886,02:11,1-2,2
jump,7950,02:12,1-2,2
jump,8013,02:13,1-2,2
jump,8084,02:14,1-2,2
jump,8148,02:15,1-2,2
jump,8234,02:17,1-2,2
goomba killed,8392,02:19,1-2,2
jump,8502,02:21,1-2,2
coinblock hit,8511,02:21,1-2,2
coinblock hit,8558,02:22,1-2,2
jump,8582,02:23,1-2,2
coinblock hit,8598,02:23,1-2,2
coinblock hit,8645,02:24,1-2,2
jump,8661,02:24,1-2,2
coinblock hit,8692,02:24,1-2,2
jump,8738,02:25,1-2,2
coinblock hit,8742,02:25,1-2,2
jump,8823,02:27,1-2,2
koopa killed,8950,02:29,1-2,2
jump,9026,02:30,1-2,2
koopa killed,9031,02:30,1-2,2
jump,9086,02:31,1-2,2
coinblock hit,9126,02:32,1-2,2
jump,9156,02:32,1-2,2
jump,9216,02:33,1-2,2
koopa killed,9381,02:36,1-2,2
goomba killed,9408,02:36,1-2,2
goomba killed,9545,02:39,1-2,2
jump,9909,02:45,1-2,2
jump,9983,02:46,1-2,2
jump,10044,02:47,1-2,2
jump,10201,02:50,1-2,2
jump,10261,02:51,1-2,2
goomba killed,10359,02:52,1-2,2
goomba killed,10419,02:53,1-2,2
jump,10565,02:56,1-2,2
jump,10626,02:57,1-2,2
jump,10752,02:59,1-2,2
goomba killed,10955,03:02,1-2,2
goomba killed,11015,03:03,1-2,2
jump,11102,03:05,1-2,2
jump,11162,03:06,1-2,2
jump,11222,03:07,1-2,2
jump,11282,03:08,1-2,2
jump,11347,03:09,1-2,2
jump,11464,03:11,1-2,2
jump,11527,03:12,1-2,2
jump,11587,03:13,1-2,2
jump,11647,03:14,1-2,2
jump,11771,03:16,1-2,2
jump,11838,03:17,1-2,2
jump,11898,03:18,1-2,2
jump,11984,03:19,1-2,2
jump,12044,03:20,1-2,2
jump,12171,03:22,1-2,2
goomba killed,12182,03:23,1-2,2
jump,12386,03:26,1-2,2
jump,12536,03:28,1-2,2
jump,12597,03:29,1-2,2
jump,12754,03:32,1-2,2
goomba killed,12761,03:32,1-2,2
jump,12814,03:33,1-2,2
jump,12937,03:35,1-2,2
jump,12997,03:36,1-2,2
jump,13106,03:38,1-2,2
jump,13166,03:39,1-2,2
jump,13834,03:50,1-2,2
jump,13894,03:51,1-2,2
jump,14538,04:02,1-2,2
jump,14601,04:03,1-2,2
jump,14661,04:04,1-2,2
goomba killed,14684,04:04,1-2,2
jump,14914,04:08,1-2,2
jump,15010,04:10,1-2,2
jump,15070,04:11,1-2,2
jump,15165,04:12,1-2,2
jump,16647,04:37,1-2,2
jump,16754,04:39,1-2,2
jump,16864,04:41,1-2,2
jump,17143,04:45,1-1,2
jump,17398,04:49,1-1,2
jump,17530,04:52,1-1,2
jump,17590,04:53,1-1,2
coinblock hit,17612,04:53,1-1,2
jump,17697,04:54,1-1,2
mushroom,17759,04:55,1-1,2
jump,17768,04:56,1-1,2
jump,17831,04:57,1-1,2
jump,17988,04:59,1-1,2
jump,18102,05:01,1-1,2
jump,18182,05:03,1-1,2
jump,18242,05:04,1-1,2
jump,18316,05:05,1-1,2
jump,18486,05:08,1-1,2
jump,18602,05:10,1-1,2
fire flower,18643,05:10,1-1,2
jump,18673,05:11,1-1,2
jump,18797,05:13,1-1,2
jump,18857,05:14,1-1,2
goomba killed,18896,05:14,1-1,2
jump,19000,05:16,1-1,2
jump,19060,05:17,1-1,2
coinblock hit,19070,05:17,1-1,2
jump,19273,05:21,1-1,2
goomba killed,19321,05:22,1-1,2
jump,19333,05:22,1-1,2
jump,19404,05:23,1-1,2
coinblock hit,19415,05:23,1-1,2
jump,19503,05:25,1-1,2
jump,19564,05:26,1-1,2
jump,19624,05:27,1-1,2
jump,19694,05:28,1-1,2
jump,19761,05:29,1-1,2
jump,19821,05:30,1-1,2
jump,19915,05:31,1-1,2
jump,19975,05:32,1-1,2
jump,20049,05:34,1-1,2
jump,20152,05:35,1-1,2
jump,20212,05:36,1-1,2
jump,20278,05:37,1-1,2
jump,20340,05:39,1-1,2
jump,20400,05:40,1-1,2
jump,20468,05:41,1-1,2
jump,20529,05:42,1-1,2
jump,20589,05:43,1-1,2
jump,22034,06:07,1-2,2
jump,22101,06:08,1-2,2
jump,22252,06:10,1-2,2
jump,22315,06:11,1-2,2
jump,22376,06:12,1-2,2
jump,22436,06:13,1-2,2
jump,22504,06:15,1-2,2
jump,22565,06:16,1-2,2
jump,22641,06:17,1-2,2
jump,23465,06:31,1-2,2
coinblock hit,23539,06:32,1-2,2
jump,23551,06:32,1-2,2
jump,23616,06:33,1-2,2
jump,23677,06:34,1-2,2
jump,23740,06:35,1-2,2
jump,23800,06:36,1-2,2
jump,24026,06:40,1-2,2
jump,24415,06:46,1-2,2
jump,24514,06:48,1-2,2
jump,24574,06:49,1-2,2
goomba killed,24605,06:50,1-2,2
jump,24800,06:53,1-2,2
goomba killed,24826,06:53,1-2,2
jump,25086,06:58,1-2,2
goomba killed,25107,06:58,1-2,2
jump,25200,07:00,1-2,2
goomba killed,25221,07:00,1-2,2
coinblock hit,25227,07:00,1-2,2
jump,25328,07:02,1-2,2
jump,25502,07:05,1-2,2
jump,25597,07:06,1-2,2
jump,25657,07:07,1-2,2
jump,25718,07:08,1-2,2
jump,25809,07:10,1-2,2
jump,25869,07:11,1-2,2
jump,26027,07:13,1-2,2
goomba killed,26033,07:13,1-2,2
jump,26094,07:14,1-2,2
jump,26250,07:17,1-2,2
jump,26311,07:18,1-2,2
jump,26383,07:19,1-2,2
jump,26443,07:20,1-2,2
jump,26505,07:21,1-2,2
jump,26781,07:26,1-2,2
jump,26841,07:27,1-2,2
jump,26901,07:28,1-2,2
jump,26962,07:29,1-2,2
jump,27998,07:46,1-3,2
jump,28060,07:47,1-3,2
jump,28176,07:49,1-3,2
coinblock hit,28264,07:51,1-3,2
coinblock hit,28321,07:52,1-3,2
jump,28376,07:52,1-3,2
coinblock hit,28378,07:52,1-3,2
jump,28452,07:54,1-3,2
goomba killed,28497,07:54,1-3,2
jump,28576,07:56,1-3,2
jump,28652,07:57,1-3,2
jump,28712,07:58,1-3,2
jump,28772,07:59,1-3,2
jump,29019,08:03,1-3,2
jump,29157,08:05,1-3,2
mushroom,29221,08:07,1-3,2
jump,29379,08:09,1-3,2
jump,29439,08:10,1-3,2
jump,29502,08:11,1-3,2
goomba killed,29543,08:12,1-3,2
jump,29594,08:13,1-3,2
jump,30215,08:23,1-3,2
jump,30310,08:25,1-3,2
jump,30370,08:26,1-3,2
jump,30455,08:27,1-3,2
jump,30627,08:30,1-3,2
coinblock hit,30678,08:31,1-3,2
jump,30706,08:31,1-3,2
jump,30774,08:32,1-3,2
jump,30834,08:33,1-3,2
jump,30894,08:34,1-3,2
jump,30965,08:36,1-3,2
jump,31035,08:37,1-3,2
jump,31267,08:41,1-3,2
jump,31327,08:42,1-3,2
jump,31389,08:43,1-3,2
jump,31449,08:44,1-3,2
jump,31509,08:45,1-3,2
jump,32489,09:01,1-4,2
jump,32621,09:03,1-4,2
jump,32700,09:05,1-4,2
jump,32760,09:06,1-4,2
jump,33383,09:16,1-4,2
jump,33444,09:17,1-4,2
jump,33504,09:18,1-4,2
jump,754,00:12,1-1,3
jump,820,00:13,1-1,3
jump,907,00:15,1-1,3
jump,1086,00:18,1-1,3
jump,1545,00:25,1-1,3
jump,1605,00:26,1-1,3
jump,1704,00:28,1-1,3
jump,1845,00:30,1-1,3
jump,1905,00:31,1-1,3
jump,1968,00:32,1-1,3
jump,2071,00:34,1-1,3
coinblock hit,2079,00:34,1-1,3
jump,2150,00:35,1-1,3
jump,2227,00:37,1-1,3
mushroom,2238,00:37,1-1,3
coinblock hit,2242,00:37,1-1,3
jump,2406,00:40,1-1,3
jump,2498,00:41,1-1,3
jump,2558,00:42,1-1,3
coinblock hit,2560,00:42,1-1,3
jump,2619,00:43,1-1,3
jump,2778,00:46,1-1,3
jump,2839,00:47,1-1,3
jump,2899,00:48,1-1,3
jump,2959,00:49,1-1,3
jump,3088,00:51,1-1,3
jump,3214,00:53,1-1,3
jump,3393,00:56,1-1,3
jump,3490,00:58,1-1,3
goomba killed,3497,00:58,1-1,3
jump,3550,00:59,1-1,3
goomba killed,3557,00:59,1-1,3
goomba killed,3617,01:00,1-1,3
jump,3618,01:00,1-1,3
jump,3678,01:01,1-1,3
mushroom,3745,01:02,1-1,3
jump,4002,01:06,1-1,3
jump,4070,01:07,1-1,3
jump,4196,01:09,1-1,3
jump,4354,01:12,1-1,3
coinblock hit,4364,01:12,1-1,3
jump,4414,01:13,1-1,3
jump,4474,01:14,1-1,3
jump,4534,01:15,1-1,3
coinblock hit,4565,01:16,1-1,3
jump,4622,01:17,1-1,3
coinblock hit,4633,01:17,1-1,3
jump,4682,01:18,1-1,3
jump,4788,01:19,1-1,3
fire flower,4868,01:21,1-1,3
jump,4898,01:21,1-1,3
jump,4991,01:23,1-1,3
jump,5051,01:24,1-1,3
jump,5111,01:25,1-1,3
jump,5172,01:26,1-1,3
jump,5232,01:27,1-1,3
jump,5301,01:28,1-1,3
jump,5361,01:29,1-1,3
jump,5478,01:31,1-1,3
jump,5538,01:32,1-1,3
jump,5598,01:33,1-1,3
fire flower,5768,01:36,1-1,3
jump,5830,01:37,1-1,3
jump,5890,01:38,1-1,3
jump,5950,01:39,1-1,3
jump,6010,01:40,1-1,3
jump,6106,01:41,1-1,3
jump,6344,01:45,1-1,3
jump,6610,01:50,1-1,3
jump,6670,01:51,1-1,3
jump,6811,01:53,1-1,3
goomba killed,6913,01:55,1-1,3
jump,7049,01:57,1-1,3
jump,7109,01:58,1-1,3
jump,7235,02:00,1-1,3
coinblock hit,7243,02:00,1-1,3
coinblock hit,7290,02:01,1-1,3
jump,7333,02:02,1-1,3
jump,7398,02:03,1-1,3
jump,7458,02:04,1-1,3
jump,7573,02:06,1-1,3
jump,7633,02:07,1-1,3
jump,7693,02:08,1-1,3
jump,7781,02:09,1-1,3
goomba killed,7989,02:13,1-1,3
goomba killed,8049,02:14,1-1,3
jump,8115,02:15,1-1,3
coinblock hit,8126,02:15,1-1,3
jump,8175,02:16,1-1,3
jump,8236,02:17,1-1,3
jump,8316,02:18,1-1,3
jump,8376,02:19,1-1,3
jump,8650,02:24,1-1,3
jump,8820,02:27,1-1,3
jump,9326,02:35,1-2,3
goomba killed,9820,02:43,1-2,3
jump,9925,02:45,1-2,3
coinblock hit,9959,02:45,1-2,3
fire flower,9993,02:46,1-2,3
jump,9999,02:46,1-2,3
coinblock hit,10007,02:46,1-2,3
coinblock hit,10056,02:47,1-2,3
jump,10059,02:47,1-2,3
coinblock hit,10103,02:48,1-2,3
jump,10120,02:48,1-2,3
jump,10194,02:49,1-2,3
jump,10257,02:50,1-2,3
jump,10317,02:51,1-2,3
jump,10377,02:52,1-2,3
jump,10517,02:55,1-2,3
koopa killed,10577,02:56,1-2,3
koopa killed,10643,02:57,1-2,3
jump,10825,03:00,1-2,3
koopa killed,10918,03:01,1-2,3
goomba killed,10947,03:02,1-2,3
jump,10966,03:02,1-2,3
jump,11026,03:03,1-2,3
koopa killed,11030,03:03,1-2,3
jump,11087,03:04,1-2,3
goomba killed,11212,03:06,1-2,3
jump,11257,03:07,1-2,3
jump,11319,03:08,1-2,3
koopa killed,11390,03:09,1-2,3
jump,11578,03:12,1-2,3
jump,11647,03:14,1-2,3
jump,11716,03:15,1-2,3
jump,11797,03:16,1-2,3
jump,11857,03:17,1-2,3
jump,11918,03:18,1-2,3
jump,11978,03:19,1-2,3
jump,12046,03:20,1-2,3
jump,12115,03:21,1-2,3
jump,12284,03:24,1-2,3
jump,12344,03:25,1-2,3
jump,12434,03:27,1-2,3
jump,12508,03:28,1-2,3
jump,12568,03:29,1-2,3
jump,12628,03:30,1-2,3
jump,12688,03:31,1-2,3
jump,12759,03:32,1-2,3
jump,12819,03:33,1-2,3
jump,12883,03:34,1-2,3
jump,12956,03:35,1-2,3
jump,13022,03:37,1-2,3
jump,13082,03:38,1-2,3
jump,13193,03:39,1-2,3
jump,13850,03:50,1-2,3
jump,14088,03:54,1-2,3
jump,14148,03:55,1-2,3
jump,14208,03:56,1-2,3
jump,14286,03:58,1-2,3
jump,14346,03:59,1-2,3
jump,14472,04:01,1-2,3
jump,14541,04:02,1-2,3
jump,14601,04:03,1-2,3
jump,14713,04:05,1-2,3
jump,14773,04:06,1-2,3
jump,14833,04:07,1-2,3
jump,14912,04:08,1-2,3
jump,14974,04:09,1-2,3
jump,16173,04:29,1-1,3
jump,16402,04:33,1-1,3
jump,16472,04:34,1-1,3
coinblock hit,16482,04:34,1-1,3
jump,16558,04:35,1-1,3
coinblock hit,16606,04:36,1-1,3
mushroom,16649,04:37,1-1,3
jump,16671,04:37,1-1,3
jump,16810,04:40,1-1,3
jump,16897,04:41,1-1,3
coinblock hit,16903,04:41,1-1,3
jump,16957,04:42,1-1,3
jump,17062,04:44,1-1,3
jump,17124,04:45,1-1,3
jump,17184,04:46,1-1,3
jump,17253,04:47,1-1,3
jump,17313,04:48,1-1,3
jump,17373,04:49,1-1,3
jump,17503,04:51,1-1,3
jump,17563,04:52,1-1,3
jump,17623,04:53,1-1,3
jump,17683,04:54,1-1,3
jump,17743,04:55,1-1,3
jump,17805,04:56,1-1,3
jump,17865,04:57,1-1,3
jump,17925,04:58,1-1,3
jump,17985,04:59,1-1,3
mushroom,18077,05:01,1-1,3
jump,18158,05:02,1-1,3
jump,18274,05:04,1-1,3
jump,18344,05:05,1-1,3
fire flower,18388,05:06,1-1,3
jump,18406,05:06,1-1,3
jump,18549,05:09,1-1,3
goomba killed,18757,05:12,1-1,3
jump,18826,05:13,1-1,3
jump,18886,05:14,1-1,3
jump,18947,05:15,1-1,3
jump,19010,05:16,1-1,3
coinblock hit,19035,05:17,1-1,3
jump,19081,05:18,1-1,3
goomba killed,19209,05:20,1-1,3
goomba killed,19269,05:21,1-1,3
jump,19371,05:22,1-1,3
jump,19431,05:23,1-1,3
coinblock hit,19437,05:23,1-1,3
jump,19491,05:24,1-1,3
coinblock hit,19495,05:24,1-1,3
jump,19559,05:25,1-1,3
jump,19619,05:26,1-1,3
jump,19679,05:27,1-1,3
jump,19775,05:29,1-1,3
jump,19843,05:30,1-1,3
jump,19920,05:32,1-1,3
jump,19980,05:33,1-1,3
fire flower,20016,05:33,1-1,3
jump,20125,05:35,1-1,3
goomba killed,20224,05:37,1-1,3
goomba killed,20284,05:38,1-1,3
jump,20376,05:39,1-1,3
coinblock hit,20426,05:40,1-1,3
jump,20436,05:40,1-1,3
jump,20504,05:41,1-1,3
coinblock hit,20552,05:42,1-1,3
jump,20642,05:44,1-1,3
jump,20702,05:45,1-1,3
jump,20779,05:46,1-1,3
jump,20897,05:48,1-1,3
jump,20957,05:49,1-1,3
jump,21017,05:50,1-1,3
jump,21077,05:51,1-1,3
jump,21137,05:52,1-1,3
jump,21251,05:54,1-1,3
goomba killed,21339,05:55,1-1,3
jump,21385,05:56,1-1,3
coinblock hit,21395,05:56,1-1,3
jump,21447,05:57,1-1,3
jump,21507,05:58,1-1,3
jump,21567,05:59,1-1,3
jump,21627,06:00,1-1,3
jump,21689,06:01,1-1,3
jump,21769,06:02,1-1,3
jump,21829,06:03,1-1,3
jump,22555,06:15,1-2,3
goomba killed,23037,06:23,1-2,3
goomba killed,23097,06:24,1-2,3
jump,23099,06:24,1-2,3
coinblock hit,23140,06:25,1-2,3
fire flower,23164,06:26,1-2,3
jump,23167,06:26,1-2,3
coinblock hit,23188,06:26,1-2,3
jump,23241,06:27,1-2,3
coinblock hit,23284,06:28,1-2,3
jump,23330,06:28,1-2,3
jump,23398,06:29,1-2,3
jump,23498,06:31,1-2,3
jump,23584,06:33,1-2,3
jump,23644,06:34,1-2,3
jump,23704,06:35,1-2,3
coinblock hit,23744,06:35,1-2,3
jump,23775,06:36,1-2,3
jump,23835,06:37,1-2,3
jump,23904,06:38,1-2,3
jump,23964,06:39,1-2,3
jump,24065,06:41,1-2,3
jump,24178,06:42,1-2,3
koopa killed,24256,06:44,1-2,3
koopa killed,24371,06:46,1-2,3
jump,24392,06:46,1-2,3
coinblock hit,24397,06:46,1-2,3
jump,24452,06:47,1-2,3
jump,24583,06:49,1-2,3
jump,24643,06:50,1-2,3
koopa killed,24646,06:50,1-2,3
jump,24703,06:51,1-2,3
jump,24776,06:52,1-2,3
jump,24836,06:53,1-2,3
koopa killed,25081,06:58,1-2,3
goomba killed,25257,07:00,1-2,3
goomba killed,25319,07:01,1-2,3
jump,25320,07:02,1-2,3
jump,25381,07:03,1-2,3
koopa killed,25386,07:03,1-2,3
jump,25441,07:04,1-2,3
jump,25503,07:05,1-2,3
koopa killed,25516,07:05,1-2,3
jump,25566,07:06,1-2,3
jump,25682,07:08,1-2,3
koopa killed,25692,07:08,1-2,3
goomba killed,25846,07:10,1-2,3
goomba killed,25932,07:12,1-2,3
goomba killed,25998,07:13,1-2,3
jump,26061,07:14,1-2,3
jump,26147,07:15,1-2,3
jump,26257,07:17,1-2,3
goomba killed,26297,07:18,1-2,3
jump,26330,07:18,1-2,3
goomba killed,26357,07:19,1-2,3
jump,26395,07:19,1-2,3
jump,26458,07:20,1-2,3
jump,26518,07:21,1-2,3
jump,26578,07:22,1-2,3
jump,26741,07:25,1-2,3
jump,26801,07:26,1-2,3
goomba killed,26944,07:29,1-2,3
goomba killed,27005,07:30,1-2,3
jump,27039,07:30,1-2,3
jump,27099,07:31,1-2,3
jump,27203,07:33,1-2,3
jump,27263,07:34,1-2,3
jump,27343,07:35,1-2,3
jump,27404,07:36,1-2,3
jump,27464,07:37,1-2,3
jump,27741,07:42,1-2,3
jump,27801,07:43,1-2,3
jump,27861,07:44,1-2,3
jump,27921,07:45,1-2,3
jump,27985,07:46,1-2,3
jump,28147,07:49,1-2,3
jump,29098,08:04,1-3,3
jump,29158,08:05,1-3,3
jump,29301,08:08,1-3,3
jump,29406,08:10,1-3,3
jump,29467,08:11,1-3,3
jump,29549,08:12,1-3,3
jump,29610,08:13,1-3,3
goomba killed,29747,08:15,1-3,3
goomba killed,29808,08:16,1-3,3
jump,29867,08:17,1-3,3
goomba killed,29868,08:17,1-3,3
jump,29948,08:19,1-3,3
jump,30051,08:20,1-3,3
jump,30111,08:21,1-3,3
jump,30171,08:22,1-3,3
jump,30253,08:24,1-3,3
jump,30313,08:25,1-3,3
jump,30861,08:34,1-3,3
jump,30982,08:36,1-3,3
jump,31080,08:38,1-3,3
jump,31140,08:39,1-3,3
jump,31200,08:40,1-3,3
jump,31415,08:43,1-3,3
goomba killed,31466,08:44,1-3,3
jump,31480,08:44,1-3,3
jump,31549,08:45,1-3,3
jump,31620,08:47,1-3,3
jump,31688,08:48,1-3,3
jump,31785,08:49,1-3,3
jump,31846,08:50,1-3,3
jump,31914,08:51,1-3,3
jump,32053,08:54,1-3,3
jump,32113,08:55,1-3,3
mushroom,32137,08:55,1-3,3
jump,32289,08:58,1-3,3
jump,32349,08:59,1-3,3
jump,32548,09:02,1-3,3
jump,32667,09:04,1-3,3
jump,32790,09:06,1-3,3
jump,32853,09:07,1-3,3
jump,32917,09:08,1-3,3
jump,32979,09:09,1-3,3
jump,33039,09:10,1-3,3
jump,33164,09:12,1-3,3
jump,33224,09:13,1-3,3
jump,33785,09:23,1-3,3
jump,33905,09:25,1-3,3
jump,33966,09:26,1-3,3
jump,34058,09:27,1-3,3
jump,34262,09:31,1-3,3
jump,34323,09:32,1-3,3
jump,34972,09:42,1-3,3
jump,35040,09:44,1-3,3
jump,35102,09:45,1-3,3
jump,35213,09:46,1-3,3
jump,35313,09:48,1-3,3
jump,35373,09:49,1-3,3
jump,35445,09:50,1-3,3
jump,35506,09:51,1-3,3
jump,35749,09:55,1-3,3
jump,35809,09:56,1-3,3
jump,35948,09:59,1-3,3
jump,36018,10:00,1-3,3
jump,36105,10:01,1-3,3
jump,36323,10:05,1-3,3
jump,36384,10:06,1-3,3
jump,36452,10:07,1-3,3
jump,36524,10:08,1-3,3
jump,36584,10:09,1-3,3
jump,37656,10:27,1-4,3
jump,37791,10:29,1-4,3
jump,38015,10:33,1-4,3
jump,38089,10:34,1-4,3
jump,38853,10:47,1-4,3
jump,38913,10:48,1-4,3
jump,39083,10:51,1-4,3
jump,39146,10:52,1-4,3
jump,39206,10:53,1-4,3
jump,39268,10:54,1-4,3
jump,39488,10:58,1-4,3
jump,39577,10:59,1-4,3
jump,39664,11:01,1-4,3
jump,39750,11:02,1-4,3
jump,39843,11:04,1-4,3
jump,39956,11:05,1-4,3
jump,40017,11:06,1-4,3
jump,40097,11:08,1-4,3
jump,41192,11:26,1-1,3
jump,41331,11:28,1-1,3
coinblock hit,41345,11:29,1-1,3
jump,41391,11:29,1-1,3
jump,41451,11:30,1-1,3
jump,41511,11:31,1-1,3
jump,41571,11:32,1-1,3
mushroom,41589,11:33,1-1,3
jump,41814,11:36,1-1,3
coinblock hit,41825,11:37,1-1,3
jump,41916,11:38,1-1,3
jump,41983,11:39,1-1,3
coinblock hit,41988,11:39,1-1,3
jump,42048,11:40,1-1,3
jump,42173,11:42,1-1,3
jump,42243,11:44,1-1,3
jump,42372,11:46,1-1,3
jump,42432,11:47,1-1,3
jump,42583,11:49,1-1,3
jump,42680,11:51,1-1,3
goomba killed,42687,11:51,1-1,3
jump,42740,11:52,1-1,3
goomba killed,42747,11:52,1-1,3
fire flower,42775,11:52,1-1,3
jump,42800,11:53,1-1,3
jump,43254,12:00,1-1,3
jump,43373,12:02,1-1,3
jump,43499,12:04,1-1,3
goomba killed,43540,12:05,1-1,3
koopa killed,43672,12:07,1-1,3
jump,43723,12:08,1-1,3
jump,43790,12:09,1-1,3
jump,43855,12:10,1-1,3
coinblock hit,43860,12:11,1-1,3
jump,43915,12:11,1-1,3
jump,44043,12:14,1-1,3
coinblock hit,44052,12:14,1-1,3
goomba killed,44105,12:15,1-1,3
jump,44152,12:15,1-1,3
coinblock hit,44157,12:15,1-1,3
jump,44212,12:16,1-1,3
coinblock hit,44215,12:16,1-1,3
jump,44272,12:17,1-1,3
fire flower,44351,12:19,1-1,3
jump,44401,12:20,1-1,3
jump,44462,12:21,1-1,3
jump,44539,12:22,1-1,3
jump,44599,12:23,1-1,3
goomba killed,44695,12:24,1-1,3
jump,44722,12:25,1-1,3
jump,44834,12:27,1-1,3
goomba killed,44836,12:27,1-1,3
jump,44915,12:28,1-1,3
jump,44975,12:29,1-1,3
jump,45035,12:30,1-1,3
jump,45145,12:32,1-1,3
goomba killed,45257,12:34,1-1,3
jump,45339,12:35,1-1,3
coinblock hit,45395,12:36,1-1,3
jump,45399,12:36,1-1,3
coinblock hit,45453,12:37,1-1,3
jump,45460,12:37,1-1,3
jump,45531,12:38,1-1,3
jump,45592,12:39,1-1,3
jump,45661,12:41,1-1,3
jump,45721,12:42,1-1,3
jump,45781,12:43,1-1,3
jump,45871,12:44,1-1,3
goomba killed,45986,12:46,1-1,3
jump,46028,12:47,1-1,3
coinblock hit,46038,12:47,1-1,3
jump,46125,12:48,1-1,3
jump,46185,12:49,1-1,3
jump,46248,12:50,1-1,3
jump,46309,12:51,1-1,3
jump,46369,12:52,1-1,3
jump,47127,13:05,1-2,3
goomba killed,47632,13:13,1-2,3
goomba killed,47692,13:14,1-2,3
jump,47739,13:15,1-2,3
jump,47800,13:16,1-2,3
fire flower,47803,13:16,1-2,3
coinblock hit,47808,13:16,1-2,3
jump,47860,13:17,1-2,3
coinblock hit,47866,13:17,1-2,3
coinblock hit,47906,13:18,1-2,3
jump,47924,13:18,1-2,3
coinblock hit,47962,13:19,1-2,3
jump,47985,13:19,1-2,3
jump,48111,13:21,1-2,3
jump,48172,13:22,1-2,3
jump,48232,13:23,1-2,3
jump,48346,13:25,1-2,3
jump,48411,13:26,1-2,3
jump,48471,13:27,1-2,3
jump,48531,13:28,1-2,3
jump,48778,13:32,1-2,3
koopa killed,48842,13:34,1-2,3
jump,48858,13:34,1-2,3
jump,48988,13:36,1-2,3
jump,49379,13:42,1-2,3
jump,49545,13:45,1-2,3
jump,50070,13:54,1-2,3
jump,50283,13:58,1-2,3
jump,50344,13:59,1-2,3
mushroom,50373,13:59,1-2,3
coinblock hit,50402,14:00,1-2,3
jump,50404,14:00,1-2,3
jump,50596,14:03,1-2,3
coinblock hit,50603,14:03,1-2,3
coinblock hit,50643,14:04,1-2,3
jump,50656,14:04,1-2,3
coinblock hit,50691,14:04,1-2,3
jump,50735,14:05,1-2,3
jump,50795,14:06,1-2,3
jump,50857,14:07,1-2,3
jump,50928,14:08,1-2,3
jump,51031,14:10,1-2,3
jump,51217,14:13,1-2,3
koopa killed,51342,14:15,1-2,3
jump,51374,14:16,1-2,3
jump,51447,14:17,1-2,3
jump,51507,14:18,1-2,3
jump,51568,14:19,1-2,3
jump,51628,14:20,1-2,3
jump,51726,14:22,1-2,3
jump,51794,14:23,1-2,3
jump,52021,14:27,1-2,3
jump,52255,14:30,1-2,3
goomba killed,52340,14:32,1-2,3
jump,52376,14:32,1-2,3
jump,52443,14:34,1-2,3
koopa killed,52462,14:34,1-2,3
jump,52503,14:35,1-2,3
jump,52565,14:36,1-2,3
jump,52637,14:37,1-2,3
koopa killed,52649,14:37,1-2,3
jump,52879,14:41,1-2,3
jump,52960,14:42,1-2,3
jump,53046,14:44,1-2,3
jump,53108,14:45,1-2,3
jump,53168,14:46,1-2,3
koopa killed,53217,14:46,1-2,3
jump,53242,14:47,1-2,3
jump,53316,14:48,1-2,3
koopa killed,53318,14:48,1-2,3
jump,53376,14:49,1-2,3
jump,53523,14:52,1-2,3
jump,53589,14:53,1-2,3
jump,53658,14:54,1-2,3
jump,54432,15:07,1-2,3
jump,54493,15:08,1-2,3
jump,54555,15:09,1-2,3
jump,54742,15:12,1-2,3
jump,55361,15:22,1-2,3
jump,55422,15:23,1-2,3
jump,55482,15:24,1-2,3
jump,55542,15:25,1-2,3
jump,56476,15:41,1-3,3
jump,56545,15:42,1-3,3
jump,56650,15:44,1-3,3
jump,56871,15:47,1-3,3
goomba killed,56925,15:48,1-3,3
jump,56938,15:48,1-3,3
goomba killed,56985,15:49,1-3,3
jump,57022,15:50,1-3,3
jump,57105,15:51,1-3,3
jump,57211,15:53,1-3,3
jump,57272,15:54,1-3,3
jump,57332,15:55,1-3,3
jump,57423,15:57,1-3,3
jump,57522,15:58,1-3,3
jump,57583,15:59,1-3,3
jump,57649,16:00,1-3,3
fire flower,57696,16:01,1-3,3
jump,57733,16:02,1-3,3
jump,57890,16:04,1-3,3
jump,57950,16:05,1-3,3
jump,58083,16:08,1-3,3
koopa killed,58498,16:14,1-3,3
jump,58610,16:16,1-3,3
jump,58701,16:18,1-3,3
jump,58846,16:20,1-3,3
jump,59134,16:25,1-3,3
jump,59214,16:26,1-3,3
jump,59328,16:28,1-3,3
jump,59388,16:29,1-3,3
jump,59505,16:31,1-3,3
jump,59582,16:33,1-3,3
jump,59656,16:34,1-3,3
jump,59880,16:38,1-3,3
jump,59942,16:39,1-3,3
jump,60002,16:40,1-3,3
jump,60069,16:41,1-3,3
jump,60143,16:42,1-3,3
jump,61070,16:57,1-4,3
jump,61397,17:03,1-4,3
jump,61458,17:04,1-4,3
jump,61532,17:05,1-4,3
mushroom,61565,17:06,1-4,3
jump,61592,17:06,1-4,3
jump,62446,17:20,1-4,3
jump,62793,17:26,1-4,3
jump,62855,17:27,1-4,3
jump,62923,17:28,1-4,3
mushroom,62963,17:29,1-4,3
jump,62992,17:29,1-4,3
jump,63074,17:31,1-4,3
jump,63836,17:43,1-4,3
jump,65032,18:03,1-1,3
jump,65195,18:06,1-1,3
coinblock hit,65211,18:06,1-1,3
jump,65256,18:07,1-1,3
jump,65317,18:08,1-1,3
coinblock hit,65375,18:09,1-1,3
jump,65377,18:09,1-1,3
mushroom,65404,18:10,1-1,3
jump,65601,18:13,1-1,3
jump,65661,18:14,1-1,3
coinblock hit,65663,18:14,1-1,3
jump,65721,18:15,1-1,3
jump,65835,18:17,1-1,3
jump,65946,18:19,1-1,3
jump,66009,18:20,1-1,3
jump,66129,18:22,1-1,3
jump,66295,18:24,1-1,3
jump,66385,18:26,1-1,3
goomba killed,66391,18:26,1-1,3
jump,66445,18:27,1-1,3
goomba killed,66451,18:27,1-1,3
fire flower,66479,18:27,1-1,3
jump,66505,18:28,1-1,3
jump,66677,18:31,1-1,3
jump,66786,18:33,1-1,3
jump,66852,18:34,1-1,3
jump,66912,18:35,1-1,3
jump,66972,18:36,1-1,3
jump,67032,18:37,1-1,3
jump,67094,18:38,1-1,3
jump,67154,18:39,1-1,3
jump,67218,18:40,1-1,3
jump,67280,18:41,1-1,3
jump,67340,18:42,1-1,3
jump,67453,18:44,1-1,3
jump,67514,18:45,1-1,3
jump,67574,18:46,1-1,3
jump,67656,18:47,1-1,3
goomba killed,67776,18:49,1-1,3
jump,67812,18:50,1-1,3
coinblock hit,67823,18:50,1-1,3
jump,67902,18:51,1-1,3
jump,67962,18:52,1-1,3
jump,68039,18:53,1-1,3
jump,68100,18:55,1-1,3
jump,68185,18:56,1-1,3
jump,68374,18:59,1-1,3
jump,69080,19:11,1-2,3
goomba killed,69560,19:19,1-2,3
jump,69674,19:21,1-2,3
jump,69734,19:22,1-2,3
fire flower,69738,19:22,1-2,3
coinblock hit,69742,19:22,1-2,3
jump,69819,19:23,1-2,3
jump,69906,19:25,1-2,3
koopa killed,70015,19:26,1-2,3
jump,70088,19:28,1-2,3
coinblock hit,70097,19:28,1-2,3
coinblock hit,70137,19:28,1-2,3
jump,70155,19:29,1-2,3
coinblock hit,70184,19:29,1-2,3
jump,70215,19:30,1-2,3
jump,70275,19:31,1-2,3
jump,70336,19:32,1-2,3
koopa killed,70470,19:34,1-2,3
jump,70526,19:35,1-2,3
coinblock hit,70531,19:35,1-2,3
koopa killed,70533,19:35,1-2,3
jump,70593,19:36,1-2,3
jump,70694,19:38,1-2,3
jump,70767,19:39,1-2,3
jump,70827,19:40,1-2,3
jump,70887,19:41,1-2,3
jump,70953,19:42,1-2,3
jump,71018,19:43,1-2,3
jump,71078,19:44,1-2,3
jump,71138,19:45,1-2,3
jump,71198,19:46,1-2,3
jump,71258,19:47,1-2,3
jump,71318,19:48,1-2,3
koopa killed,71451,19:50,1-2,3
jump,71454,19:50,1-2,3
goomba killed,71510,19:51,1-2,3
jump,71525,19:52,1-2,3
koopa killed,71567,19:52,1-2,3
jump,71591,19:53,1-2,3
jump,71654,19:54,1-2,3
jump,71714,19:55,1-2,3
goomba killed,71990,19:59,1-2,3
goomba killed,72050,20:00,1-2,3
jump,72145,20:02,1-2,3
jump,72213,20:03,1-2,3
jump,72346,20:05,1-2,3
jump,72408,20:06,1-2,3
jump,72471,20:07,1-2,3
jump,72532,20:08,1-2,3
jump,72597,20:09,1-2,3
jump,72667,20:11,1-2,3
jump,72727,20:12,1-2,3
koopa killed,72784,20:13,1-2,3
jump,72787,20:13,1-2,3
jump,72847,20:14,1-2,3
jump,72907,20:15,1-2,3
jump,72968,20:16,1-2,3
koopa killed,72984,20:16,1-2,3
jump,73071,20:17,1-2,3
jump,73139,20:18,1-2,3
jump,73206,20:20,1-2,3
koopa killed,73208,20:20,1-2,3
jump,73297,20:21,1-2,3
jump,74050,20:34,1-2,3
jump,74110,20:35,1-2,3
jump,74196,20:36,1-2,3
koopa killed,74275,20:37,1-2,3
jump,74382,20:39,1-2,3
jump,74592,20:43,1-2,3
jump,75161,20:52,1-2,3
jump,75232,20:53,1-2,3
jump,75482,20:58,1-2,3
jump,75542,20:59,1-2,3
jump,75607,21:00,1-2,3
jump,75667,21:01,1-2,3
jump,75734,21:02,1-2,3
jump,75794,21:03,1-2,3
jump,75907,21:05,1-2,3
jump,75967,21:06,1-2,3
jump,76037,21:07,1-2,3
jump,76143,21:09,1-2,3
jump,76204,21:10,1-2,3
jump,76313,21:11,1-2,3
jump,76470,21:14,1-2,3
jump,76628,21:17,1-2,3
jump,76693,21:18,1-2,3
jump,76753,21:19,1-2,3
jump,77042,21:24,1-2,3
jump,77102,21:25,1-2,3
jump,77162,21:26,1-2,3
jump,77222,21:27,1-2,3
jump,77314,21:28,1-2,3
jump,78507,21:48,1-3,3
jump,78609,21:50,1-3,3
jump,78686,21:51,1-3,3
jump,78746,21:52,1-3,3
jump,78806,21:53,1-3,3
jump,78935,21:55,1-3,3
jump,79006,21:56,1-3,3
goomba killed,79006,21:56,1-3,3
jump,79076,21:57,1-3,3
jump,79176,21:59,1-3,3
jump,79238,22:00,1-3,3
jump,79298,22:01,1-3,3
jump,79427,22:03,1-3,3
mushroom,79509,22:05,1-3,3
jump,79658,22:07,1-3,3
jump,79718,22:08,1-3,3
jump,79929,22:12,1-3,3
jump,80025,22:13,1-3,3
jump,80142,22:15,1-3,3
jump,80202,22:16,1-3,3
jump,80270,22:17,1-3,3
jump,80330,22:18,1-3,3
jump,80390,22:19,1-3,3
jump,80468,22:21,1-3,3
jump,80528,22:22,1-3,3
jump,80588,22:23,1-3,3
jump,80650,22:24,1-3,3
jump,80837,22:27,1-3,3
jump,80897,22:28,1-3,3
jump,80959,22:29,1-3,3
jump,81019,22:30,1-3,3
jump,82125,22:48,1-4,3
jump,82674,22:57,1-4,3
jump,82742,22:59,1-4,3
jump,83508,23:11,1-4,3
jump,83568,23:12,1-4,3
jump,83730,23:15,1-4,3
jump,83790,23:16,1-4,3
jump,83854,23:17,1-4,3
jump,83990,23:19,1-4,3
jump,84082,23:21,1-4,3
jump,84143,23:22,1-4,3
jump,84209,23:23,1-4,3
jump,84313,23:25,1-4,3
jump,84391,23:26,1-4,3
jump,84466,23:27,1-4,3
jump,84618,23:30,1-4,3
jump,84679,23:31,1-4,3
jump,85233,23:40,1-4,3
jump,85557,23:45,1-4,3
jump,85618,23:46,1-4,3
jump,86384,23:59,1-4,3
jump,86444,24:00,1-4,3
jump,86640,24:04,1-4,3
jump,204,00:03,1-1,4
jump,290,00:04,1-1,4
coinblock hit,305,00:05,1-1,4
jump,350,00:05,1-1,4
jump,416,00:06,1-1,4
mushroom,458,00:07,1-1,4
jump,557,00:09,1-1,4
coinblock hit,566,00:09,1-1,4
jump,617,00:10,1-1,4
jump,683,00:11,1-1,4
jump,743,00:12,1-1,4
jump,803,00:13,1-1,4
jump,863,00:14,1-1,4
jump,1008,00:16,1-1,4
jump,1068,00:17,1-1,4
jump,1128,00:18,1-1,4
jump,1657,00:27,1-1,4
jump,1717,00:28,1-1,4
coinblock hit,1719,00:28,1-1,4
jump,1803,00:30,1-1,4
jump,1864,00:31,1-1,4
jump,1924,00:32,1-1,4
jump,3330,00:55,1-2,4
jump,3390,00:56,1-2,4
mushroom,3418,00:56,1-2,4
jump,3450,00:57,1-2,4
jump,3550,00:59,1-2,4
jump,3618,01:00,1-2,4
jump,3678,01:01,1-2,4
koopa killed,3714,01:01,1-2,4
jump,3738,01:02,1-2,4
coinblock hit,3788,01:03,1-2,4
jump,3801,01:03,1-2,4
jump,3901,01:05,1-2,4
jump,3967,01:06,1-2,4
jump,4048,01:07,1-2,4
jump,4152,01:09,1-2,4
jump,4224,01:10,1-2,4
jump,4305,01:11,1-2,4
jump,4423,01:13,1-2,4
jump,4488,01:14,1-2,4
jump,5045,01:24,1-2,4
jump,5106,01:25,1-2,4
coinblock hit,5115,01:25,1-2,4
mushroom,5129,01:25,1-2,4
jump,5166,01:26,1-2,4
coinblock hit,5173,01:26,1-2,4
coinblock hit,5221,01:27,1-2,4
jump,5331,01:28,1-2,4
coinblock hit,5337,01:28,1-2,4
jump,5391,01:29,1-2,4
jump,5451,01:30,1-2,4
jump,5585,01:33,1-2,4
jump,5665,01:34,1-2,4
jump,5726,01:35,1-2,4
coinblock hit,5760,01:36,1-2,4
jump,5787,01:36,1-2,4
coinblock hit,5806,01:36,1-2,4
coinblock hit,5846,01:37,1-2,4
jump,5850,01:37,1-2,4
coinblock hit,5893,01:38,1-2,4
jump,5911,01:38,1-2,4
coinblock hit,5940,01:39,1-2,4
jump,5971,01:39,1-2,4
coinblock hit,5998,01:39,1-2,4
jump,6041,01:40,1-2,4
jump,6161,01:42,1-2,4
koopa killed,6209,01:43,1-2,4
jump,6257,01:44,1-2,4
koopa killed,6303,01:45,1-2,4
jump,6332,01:45,1-2,4
jump,6450,01:47,1-2,4
jump,6510,01:48,1-2,4
jump,6620,01:50,1-2,4
coinblock hit,6623,01:50,1-2,4
jump,6691,01:51,1-2,4
jump,6751,01:52,1-2,4
jump,6813,01:53,1-2,4
star,6871,01:54,1-2,4
koopa killed,6872,01:54,1-2,4
jump,6902,01:55,1-2,4
koopa killed,6959,01:55,1-2,4
goomba killed,7061,01:57,1-2,4
jump,7074,01:57,1-2,4
goomba killed,7206,02:00,1-2,4
jump,7264,02:01,1-2,4
koopa killed,7270,02:01,1-2,4
coinblock hit,7294,02:01,1-2,4
goomba killed,7321,02:02,1-2,4
jump,7377,02:02,1-2,4
goomba killed,7381,02:03,1-2,4
koopa killed,7406,02:03,1-2,4
jump,7460,02:04,1-2,4
jump,7574,02:06,1-2,4
jump,7765,02:09,1-2,4
jump,7826,02:10,1-2,4
jump,7886,02:11,1-2,4
jump,7947,02:12,1-2,4
jump,8007,02:13,1-2,4
jump,8069,02:14,1-2,4
jump,8132,02:15,1-2,4
jump,8195,02:16,1-2,4
jump,8255,02:17,1-2,4
koopa killed,8306,02:18,1-2,4
jump,8316,02:18,1-2,4
jump,8376,02:19,1-2,4
jump,8444,02:20,1-2,4
koopa killed,8454,02:20,1-2,4
jump,8504,02:21,1-2,4
fire flower,8575,02:22,1-2,4
jump,8583,02:23,1-2,4
koopa killed,8590,02:23,1-2,4
jump,8648,02:24,1-2,4
jump,8709,02:25,1-2,4
jump,8969,02:29,1-2,4
jump,9029,02:30,1-2,4
jump,9107,02:31,1-2,4
jump,10007,02:46,1-3,4
jump,10067,02:47,1-3,4
jump,10127,02:48,1-3,4
jump,10192,02:49,1-3,4
jump,10252,02:50,1-3,4
jump,10312,02:51,1-3,4
jump,10373,02:52,1-3,4
jump,10433,02:53,1-3,4
jump,10506,02:55,1-3,4
jump,10582,02:56,1-3,4
jump,10653,02:57,1-3,4
jump,10821,03:00,1-3,4
jump,10897,03:01,1-3,4
jump,10975,03:02,1-3,4
jump,11041,03:04,1-3,4
jump,11101,03:05,1-3,4
jump,11161,03:06,1-3,4
jump,11256,03:07,1-3,4
jump,11319,03:08,1-3,4
jump,11383,03:09,1-3,4
jump,11443,03:10,1-3,4
jump,11547,03:12,1-3,4
jump,11618,03:13,1-3,4
jump,11706,03:15,1-3,4
jump,11766,03:16,1-3,4
goomba killed,11784,03:16,1-3,4
jump,11826,03:17,1-3,4
jump,11949,03:19,1-3,4
jump,12011,03:20,1-3,4
jump,12071,03:21,1-3,4
jump,12539,03:28,1-3,4
jump,12606,03:30,1-3,4
jump,12666,03:31,1-3,4
jump,12790,03:33,1-3,4
jump,12871,03:34,1-3,4
jump,12933,03:35,1-3,4
jump,12993,03:36,1-3,4
jump,13053,03:37,1-3,4
jump,13154,03:39,1-3,4
jump,13214,03:40,1-3,4
jump,13324,03:42,1-3,4
jump,13389,03:43,1-3,4
jump,13449,03:44,1-3,4
jump,13530,03:45,1-3,4
jump,13592,03:46,1-3,4
jump,13665,03:47,1-3,4
jump,14539,04:02,1-4,4
jump,14624,04:03,1-4,4
jump,14684,04:04,1-4,4
jump,14871,04:07,1-4,4
jump,14990,04:09,1-4,4
jump,15293,04:14,1-4,4
jump,15370,04:16,1-4,4
jump,15431,04:17,1-4,4
jump,15491,04:18,1-4,4
jump,15551,04:19,1-4,4
jump,15613,04:20,1-4,4
jump,15673,04:21,1-4,4
jump,15733,04:22,1-4,4
jump,15902,04:25,1-4,4
jump,1004,00:16,1-1,5
coinblock hit,1018,00:16,1-1,5
goomba killed,1025,00:17,1-1,5
jump,1081,00:18,1-1,5
jump,1168,00:19,1-1,5
coinblock hit,1182,00:19,1-1,5
mushroom,1241,00:20,1-1,5
jump,1335,00:22,1-1,5
jump,1454,00:24,1-1,5
jump,1553,00:25,1-1,5
goomba killed,1581,00:26,1-1,5
jump,1626,00:27,1-1,5
jump,1787,00:29,1-1,5
goomba killed,1828,00:30,1-1,5
jump,1847,00:30,1-1,5
jump,1907,00:31,1-1,5
jump,2129,00:35,1-1,5
jump,2220,00:37,1-1,5
goomba killed,2226,00:37,1-1,5
jump,2280,00:38,1-1,5
goomba killed,2306,00:38,1-1,5
fire flower,2315,00:38,1-1,5
jump,2342,00:39,1-1,5
jump,2408,00:40,1-1,5
jump,2554,00:42,1-1,5
koopa killed,2592,00:43,1-1,5
jump,2672,00:44,1-1,5
jump,2732,00:45,1-1,5
goomba killed,2773,00:46,1-1,5
jump,2837,00:47,1-1,5
coinblock hit,2843,00:47,1-1,5
jump,2958,00:49,1-1,5
coinblock hit,2967,00:49,1-1,5
coinblock hit,3016,00:50,1-1,5
jump,3020,00:50,1-1,5
jump,3080,00:51,1-1,5
coinblock hit,3102,00:51,1-1,5
koopa killed,3145,00:52,1-1,5
jump,3218,00:53,1-1,5
jump,3281,00:54,1-1,5
coinblock hit,3292,00:54,1-1,5
goomba killed,3350,00:55,1-1,5
coinblock hit,3352,00:55,1-1,5
jump,3361,00:56,1-1,5
jump,3423,00:57,1-1,5
jump,3485,00:58,1-1,5
jump,3578,00:59,1-1,5
goomba killed,3602,01:00,1-1,5
goomba killed,3662,01:01,1-1,5
goomba killed,3722,01:02,1-1,5
jump,3837,01:03,1-1,5
jump,3897,01:04,1-1,5
jump,3969,01:06,1-1,5
jump,4031,01:07,1-1,5
jump,4103,01:08,1-1,5
jump,4166,01:09,1-1,5
coinblock hit,4175,01:09,1-1,5
jump,4226,01:10,1-1,5
jump,4288,01:11,1-1,5
jump,4348,01:12,1-1,5
jump,4408,01:13,1-1,5
jump,4468,01:14,1-1,5
jump,4544,01:15,1-1,5
jump,4614,01:16,1-1,5
jump,4675,01:17,1-1,5
jump,4764,01:19,1-1,5
goomba killed,4864,01:21,1-1,5
jump,4936,01:22,1-1,5
jump,5041,01:24,1-1,5
jump,5101,01:25,1-1,5
jump,5161,01:26,1-1,5
jump,5273,01:27,1-1,5
jump,6311,01:45,1-2,5
goomba killed,6787,01:53,1-2,5
goomba killed,6847,01:54,1-2,5
jump,6897,01:54,1-2,5
fire flower,6940,01:55,1-2,5
jump,6970,01:56,1-2,5
coinblock hit,6973,01:56,1-2,5
jump,7065,01:57,1-2,5
jump,7225,02:00,1-2,5
jump,7285,02:01,1-2,5
coinblock hit,7291,02:01,1-2,5
jump,7346,02:02,1-2,5
jump,7410,02:03,1-2,5
goomba killed,7471,02:04,1-2,5
jump,7503,02:05,1-2,5
jump,7572,02:06,1-2,5
jump,7632,02:07,1-2,5
jump,7693,02:08,1-2,5
jump,7753,02:09,1-2,5
jump,7816,02:10,1-2,5
koopa killed,7936,02:12,1-2,5
koopa killed,8051,02:14,1-2,5
jump,8141,02:15,1-2,5
jump,8201,02:16,1-2,5
jump,8262,02:17,1-2,5
goomba killed,8383,02:19,1-2,5
koopa killed,8535,02:22,1-2,5
goomba killed,8594,02:23,1-2,5
goomba killed,8654,02:24,1-2,5
goomba killed,8714,02:25,1-2,5
jump,8716,02:25,1-2,5
jump,8838,02:27,1-2,5
goomba killed,9009,02:30,1-2,5
goomba killed,9069,02:31,1-2,5
jump,9146,02:32,1-2,5
koopa killed,9169,02:32,1-2,5
jump,9272,02:34,1-2,5
jump,9461,02:37,1-2,5
jump,9649,02:40,1-2,5
jump,9752,02:42,1-2,5
goomba killed,9773,02:42,1-2,5
jump,9832,02:43,1-2,5
jump,10009,02:46,1-2,5
jump,10069,02:47,1-2,5
jump,10202,02:50,1-2,5
goomba killed,10236,02:50,1-2,5
jump,10262,02:51,1-2,5
goomba killed,10296,02:51,1-2,5
jump,10332,02:52,1-2,5
jump,10417,02:53,1-2,5
jump,10477,02:54,1-2,5
jump,10588,02:56,1-2,5
jump,10664,02:57,1-2,5
jump,10988,03:03,1-2,5
jump,11048,03:04,1-2,5
jump,11122,03:05,1-2,5
jump,11247,03:07,1-2,5
jump,11313,03:08,1-2,5
jump,12534,03:28,1-3,5
jump,12618,03:30,1-3,5
coinblock hit,12692,03:31,1-3,5
jump,12788,03:33,1-3,5
jump,12981,03:36,1-3,5
jump,13041,03:37,1-3,5
goomba killed,13228,03:40,1-3,5
jump,13242,03:40,1-3,5
goomba killed,13291,03:41,1-3,5
jump,13362,03:42,1-3,5
jump,13436,03:43,1-3,5
jump,13496,03:44,1-3,5
jump,13556,03:45,1-3,5
jump,13616,03:46,1-3,5
mushroom,13749,03:49,1-3,5
coinblock hit,13853,03:50,1-3,5
jump,13857,03:50,1-3,5
jump,13917,03:51,1-3,5
jump,14064,03:54,1-3,5
jump,14151,03:55,1-3,5
jump,14330,03:58,1-3,5
jump,14453,04:00,1-3,5
jump,14534,04:02,1-3,5
jump,14595,04:03,1-3,5
jump,14765,04:06,1-3,5
jump,14875,04:07,1-3,5
jump,15494,04:18,1-3,5
jump,15612,04:20,1-3,5
jump,15709,04:21,1-3,5
jump,15807,04:23,1-3,5
koopa killed,15931,04:25,1-3,5
jump,15964,04:26,1-3,5
jump,16084,04:28,1-3,5
jump,16189,04:29,1-3,5
jump,16253,04:30,1-3,5
jump,16317,04:31,1-3,5
jump,16402,04:33,1-3,5
jump,16473,04:34,1-3,5
jump,16533,04:35,1-3,5
jump,16770,04:39,1-3,5
jump,16833,04:40,1-3,5
jump,17038,04:43,1-3,5
jump,17977,04:59,1-4,5
jump,18326,05:05,1-4,5
jump,18386,05:06,1-4,5
jump,18446,05:07,1-4,5
goomba killed,18563,05:09,1-4,5
koopa killed,19210,05:20,1-4,5
jump,19211,05:20,1-4,5
jump,19747,05:29,1-4,5
jump,19833,05:30,1-4,5
jump,19895,05:31,1-4,5
jump,20176,05:36,1-4,5
jump,20237,05:37,1-4,5
jump,20299,05:38,1-4,5
jump,20360,05:39,1-4,5
jump,20506,05:41,1-4,5
jump,20789,05:46,1-4,5
jump,20850,05:47,1-4,5
jump,21097,05:51,1-4,5
jump,21171,05:52,1-4,5
jump,22762,06:19,1-1,5
goomba killed,22795,06:19,1-1,5
jump,22829,06:20,1-1,5
jump,22902,06:21,1-1,5
goomba killed,22951,06:22,1-1,5
jump,22980,06:23,1-1,5
jump,23040,06:24,1-1,5
jump,23100,06:25,1-1,5
jump,23337,06:28,1-1,5
jump,23466,06:31,1-1,5
mushroom,23538,06:32,1-1,5
jump,23586,06:33,1-1,5
jump,23678,06:34,1-1,5
jump,23739,06:35,1-1,5
jump,23815,06:36,1-1,5
goomba killed,23827,06:37,1-1,5
jump,23926,06:38,1-1,5
jump,24018,06:40,1-1,5
jump,24078,06:41,1-1,5
jump,24169,06:42,1-1,5
coinblock hit,24176,06:42,1-1,5
jump,24273,06:44,1-1,5
jump,24367,06:46,1-1,5
jump,24937,06:55,1-1,5
jump,25013,06:56,1-1,5
jump,25181,06:59,1-1,5
coinblock hit,25192,06:59,1-1,5
jump,25315,07:01,1-1,5
jump,25376,07:02,1-1,5
jump,25449,07:04,1-1,5
star,25513,07:05,1-1,5
jump,25560,07:06,1-1,5
goomba killed,25663,07:07,1-1,5
goomba killed,25730,07:08,1-1,5
jump,25786,07:09,1-1,5
goomba killed,25790,07:09,1-1,5
jump,25846,07:10,1-1,5
jump,25920,07:12,1-1,5
jump,25981,07:13,1-1,5
goomba killed,26051,07:14,1-1,5
jump,26074,07:14,1-1,5
jump,26143,07:15,1-1,5
jump,26221,07:17,1-1,5
jump,27715,07:41,1-2,5
goomba killed,27744,07:42,1-2,5
jump,27813,07:43,1-2,5
jump,27884,07:44,1-2,5
coinblock hit,27918,07:45,1-2,5
jump,28099,07:48,1-2,5
jump,28168,07:49,1-2,5
jump,28234,07:50,1-2,5
jump,28471,07:54,1-2,5
koopa killed,28537,07:55,1-2,5
jump,28542,07:55,1-2,5
jump,28748,07:59,1-2,5
koopa killed,28785,07:59,1-2,5
jump,28808,08:00,1-2,5
jump,28913,08:01,1-2,5
goomba killed,28963,08:02,1-2,5
jump,28978,08:02,1-2,5
jump,29064,08:04,1-2,5
goomba killed,29547,08:12,1-2,5
jump,29548,08:12,1-2,5
jump,29634,08:13,1-2,5
jump,29816,08:16,1-2,5
goomba killed,29864,08:17,1-2,5
jump,29876,08:17,1-2,5
jump,29939,08:18,1-2,5
goomba killed,29960,08:19,1-2,5
jump,29999,08:19,1-2,5
coinblock hit,30038,08:20,1-2,5
jump,30124,08:22,1-2,5
jump,30242,08:24,1-2,5
jump,30426,08:27,1-2,5
jump,30486,08:28,1-2,5
koopa killed,30517,08:28,1-2,5
jump,30608,08:30,1-2,5
goomba killed,30622,08:30,1-2,5
goomba killed,30682,08:31,1-2,5
jump,31054,08:37,1-2,5
jump,31299,08:41,1-2,5
goomba killed,31376,08:42,1-2,5
jump,31601,08:46,1-2,5
jump,31677,08:47,1-2,5
jump,31739,08:48,1-2,5
jump,31856,08:50,1-2,5
jump,32750,09:05,1-2,5
goomba killed,32904,09:08,1-2,5
jump,33087,09:11,1-2,5
jump,33249,09:14,1-2,5
jump,33315,09:15,1-2,5
jump,33451,09:17,1-2,5
jump,33511,09:18,1-2,5
jump,33631,09:20,1-2,5
jump,33742,09:22,1-2,5
jump,33965,09:26,1-2,5
jump,34050,09:27,1-2,5
mushroom,34062,09:27,1-2,5
jump,34210,09:30,1-2,5
jump,34271,09:31,1-2,5
jump,34558,09:35,1-2,5
jump,34770,09:39,1-2,5
jump,34830,09:40,1-2,5
jump,34919,09:41,1-2,5
jump,35922,09:58,1-3,5
jump,36001,10:00,1-3,5
jump,36190,10:03,1-3,5
jump,36330,10:05,1-3,5
goomba killed,36356,10:05,1-3,5
jump,36438,10:07,1-3,5
goomba killed,36467,10:07,1-3,5
jump,36501,10:08,1-3,5
jump,36581,10:09,1-3,5
jump,36661,10:11,1-3,5
jump,36721,10:12,1-3,5
jump,36810,10:13,1-3,5
jump,36942,10:15,1-3,5
fire flower,36979,10:16,1-3,5
jump,37003,10:16,1-3,5
jump,37158,10:19,1-3,5
jump,37221,10:20,1-3,5
jump,37371,10:22,1-3,5
jump,37790,10:29,1-3,5
jump,37878,10:31,1-3,5
jump,38003,10:33,1-3,5
jump,38320,10:38,1-3,5
jump,38404,10:40,1-3,5
jump,38527,10:42,1-3,5
koopa killed,38579,10:42,1-3,5
koopa killed,38641,10:44,1-3,5
jump,38828,10:47,1-3,5
jump,38903,10:48,1-3,5
jump,39022,10:50,1-3,5
jump,39210,10:53,1-3,5
jump,39270,10:54,1-3,5
jump,39384,10:56,1-3,5
jump,39563,10:59,1-3,5
jump,40273,11:11,1-4,5
jump,40351,11:12,1-4,5
jump,40411,11:13,1-4,5
jump,40674,11:17,1-4,5
jump,40840,11:20,1-4,5
jump,40903,11:21,1-4,5
jump,40981,11:23,1-4,5
jump,41044,11:24,1-4,5
jump,41105,11:25,1-4,5
jump,41173,11:26,1-4,5
jump,41263,11:27,1-4,5
jump,283,00:04,1-1,6
jump,393,00:06,1-1,6
coinblock hit,402,00:06,1-1,6
jump,453,00:07,1-1,6
jump,513,00:08,1-1,6
jump,573,00:09,1-1,6
mushroom,588,00:09,1-1,6
jump,681,00:11,1-1,6
jump,742,00:12,1-1,6
jump,804,00:13,1-1,6
coinblock hit,862,00:14,1-1,6
jump,864,00:14,1-1,6
jump,924,00:15,1-1,6
jump,984,00:16,1-1,6
jump,1044,00:17,1-1,6
jump,1104,00:18,1-1,6
jump,1164,00:19,1-1,6
jump,1230,00:20,1-1,6
jump,1315,00:21,1-1,6
jump,1403,00:23,1-1,6
jump,1472,00:24,1-1,6
jump,1538,00:25,1-1,6
mushroom,1562,00:26,1-1,6
jump,1673,00:27,1-1,6
jump,1739,00:28,1-1,6
jump,1806,00:30,1-1,6
jump,1871,00:31,1-1,6
fire flower,1877,00:31,1-1,6
jump,2037,00:33,1-1,6
jump,2139,00:35,1-1,6
jump,2260,00:37,1-1,6
jump,2320,00:38,1-1,6
coinblock hit,2331,00:38,1-1,6
jump,2384,00:39,1-1,6
jump,2445,00:40,1-1,6
coinblock hit,2455,00:40,1-1,6
coinblock hit,2495,00:41,1-1,6
jump,2517,00:41,1-1,6
jump,2594,00:43,1-1,6
goomba killed,2698,00:44,1-1,6
jump,2749,00:45,1-1,6
fire flower,2832,00:47,1-1,6
jump,2833,00:47,1-1,6
jump,2933,00:48,1-1,6
jump,2993,00:49,1-1,6
jump,3053,00:50,1-1,6
jump,3119,00:51,1-1,6
jump,3179,00:52,1-1,6
jump,3244,00:54,1-1,6
jump,3304,00:55,1-1,6
jump,3364,00:56,1-1,6
coinblock hit,3386,00:56,1-1,6
coinblock hit,3426,00:57,1-1,6
jump,3449,00:57,1-1,6
jump,3509,00:58,1-1,6
jump,3569,00:59,1-1,6
jump,3629,01:00,1-1,6
jump,3689,01:01,1-1,6
jump,3754,01:02,1-1,6
jump,3830,01:03,1-1,6
jump,3893,01:04,1-1,6
goomba killed,3919,01:05,1-1,6
coinblock hit,3943,01:05,1-1,6
jump,4018,01:06,1-1,6
jump,4078,01:07,1-1,6
jump,4148,01:09,1-1,6
jump,4336,01:12,1-1,6
jump,5010,01:23,1-2,6
jump,5470,01:31,1-2,6
goomba killed,5517,01:31,1-2,6
goomba killed,5577,01:32,1-2,6
jump,5588,01:33,1-2,6
coinblock hit,5595,01:33,1-2,6
jump,5667,01:34,1-2,6
fire flower,5734,01:35,1-2,6
jump,5746,01:35,1-2,6
jump,5875,01:37,1-2,6
jump,5935,01:38,1-2,6
jump,5998,01:39,1-2,6
jump,6058,01:40,1-2,6
jump,6119,01:41,1-2,6
jump,6180,01:43,1-2,6
coinblock hit,6182,01:43,1-2,6
jump,6240,01:44,1-2,6
koopa killed,6290,01:44,1-2,6
jump,6327,01:45,1-2,6
coinblock hit,6335,01:45,1-2,6
koopa killed,6363,01:46,1-2,6
jump,6387,01:46,1-2,6
jump,6448,01:47,1-2,6
koopa killed,6460,01:47,1-2,6
jump,6550,01:49,1-2,6
coinblock hit,6556,01:49,1-2,6
koopa killed,6722,01:52,1-2,6
goomba killed,6743,01:52,1-2,6
jump,6788,01:53,1-2,6
jump,6974,01:56,1-2,6
jump,7034,01:57,1-2,6
jump,7206,02:00,1-2,6
koopa killed,7213,02:00,1-2,6
coinblock hit,7227,02:00,1-2,6
goomba killed,7239,02:00,1-2,6
goomba killed,7299,02:01,1-2,6
jump,7319,02:01,1-2,6
jump,7467,02:04,1-2,6
jump,7536,02:05,1-2,6
koopa killed,7555,02:05,1-2,6
jump,7596,02:06,1-2,6
jump,8130,02:15,1-2,6
jump,8191,02:16,1-2,6
jump,8473,02:21,1-2,6
jump,8533,02:22,1-2,6
jump,8600,02:23,1-2,6
jump,8803,02:26,1-2,6
jump,9520,02:38,1-3,6
jump,9621,02:40,1-3,6
coinblock hit,9647,02:40,1-3,6
jump,9683,02:41,1-3,6
coinblock hit,9705,02:41,1-3,6
jump,9743,02:42,1-3,6
jump,9805,02:43,1-3,6
jump,9891,02:44,1-3,6
coinblock hit,9940,02:45,1-3,6
jump,9951,02:45,1-3,6
jump,10024,02:47,1-3,6
coinblock hit,10051,02:47,1-3,6
jump,10084,02:48,1-3,6
coinblock hit,10108,02:48,1-3,6
jump,10163,02:49,1-3,6
coinblock hit,10166,02:49,1-3,6
jump,10242,02:50,1-3,6
jump,10306,02:51,1-3,6
jump,10423,02:53,1-3,6
goomba killed,10452,02:54,1-3,6
jump,10534,02:55,1-3,6
jump,10594,02:56,1-3,6
jump,11242,03:07,1-3,6
jump,11302,03:08,1-3,6
coinblock hit,11320,03:08,1-3,6
jump,11363,03:09,1-3,6
jump,11436,03:10,1-3,6
jump,11497,03:11,1-3,6
jump,11620,03:13,1-3,6
goomba killed,11671,03:14,1-3,6
jump,11680,03:14,1-3,6
goomba killed,11738,03:15,1-3,6
jump,11740,03:15,1-3,6
jump,11800,03:16,1-3,6
jump,11867,03:17,1-3,6
jump,11927,03:18,1-3,6
coinblock hit,11952,03:19,1-3,6
jump,11987,03:19,1-3,6
coinblock hit,12009,03:20,1-3,6
coinblock hit,12071,03:21,1-3,6
jump,12126,03:22,1-3,6
jump,12186,03:23,1-3,6
jump,12369,03:26,1-3,6
jump,12429,03:27,1-3,6
jump,12512,03:28,1-3,6
coinblock hit,12586,03:29,1-3,6
jump,12601,03:30,1-3,6
coinblock hit,12706,03:31,1-3,6
jump,12709,03:31,1-3,6
coinblock hit,12757,03:32,1-3,6
jump,12769,03:32,1-3,6
coinblock hit,12814,03:33,1-3,6
jump,12829,03:33,1-3,6
coinblock hit,12872,03:34,1-3,6
coinblock hit,12929,03:35,1-3,6
coinblock hit,12986,03:36,1-3,6
coinblock hit,13044,03:37,1-3,6
jump,13376,03:42,1-3,6
jump,13460,03:44,1-3,6
jump,13520,03:45,1-3,6
coinblock hit,13532,03:45,1-3,6
coinblock hit,13590,03:46,1-3,6
jump,13690,03:48,1-3,6
coinblock hit,13709,03:48,1-3,6
jump,13750,03:49,1-3,6
coinblock hit,13764,03:49,1-3,6
jump,14261,03:57,1-3,6
jump,14381,03:59,1-3,6
coinblock hit,14463,04:01,1-3,6
jump,14475,04:01,1-3,6
jump,14629,04:03,1-3,6
coinblock hit,14636,04:03,1-3,6
coinblock hit,14690,04:04,1-3,6
jump,14719,04:05,1-3,6
jump,14798,04:06,1-3,6
jump,14858,04:07,1-3,6
jump,14918,04:08,1-3,6
coinblock hit,14978,04:09,1-3,6
jump,15031,04:10,1-3,6
coinblock hit,15039,04:10,1-3,6
coinblock hit,15096,04:11,1-3,6
jump,15103,04:11,1-3,6
jump,15163,04:12,1-3,6
jump,15228,04:13,1-3,6
jump,15288,04:14,1-3,6
jump,15357,04:15,1-3,6
jump,16246,04:30,1-4,6
jump,16378,04:32,1-4,6
jump,16438,04:33,1-4,6
jump,16498,04:34,1-4,6
jump,17430,04:50,1-1,6
jump,17527,04:52,1-1,6
coinblock hit,17574,04:52,1-1,6
jump,17587,04:53,1-1,6
jump,17658,04:54,1-1,6
coinblock hit,17698,04:54,1-1,6
jump,17733,04:55,1-1,6
mushroom,17742,04:55,1-1,6
jump,17872,04:57,1-1,6
jump,17932,04:58,1-1,6
coinblock hit,17939,04:58,1-1,6
jump,17992,04:59,1-1,6
jump,18052,05:00,1-1,6
jump,18114,05:01,1-1,6
jump,18174,05:02,1-1,6
jump,18234,05:03,1-1,6
jump,18301,05:05,1-1,6
jump,18361,05:06,1-1,6
jump,18424,05:07,1-1,6
jump,18505,05:08,1-1,6
jump,18568,05:09,1-1,6
jump,18635,05:10,1-1,6
jump,18710,05:11,1-1,6
mushroom,18732,05:12,1-1,6
jump,18814,05:13,1-1,6
jump,18874,05:14,1-1,6
jump,18946,05:15,1-1,6
goomba killed,18956,05:15,1-1,6
jump,19021,05:17,1-1,6
jump,19135,05:18,1-1,6
jump,19219,05:20,1-1,6
jump,19279,05:21,1-1,6
coinblock hit,19359,05:22,1-1,6
jump,19397,05:23,1-1,6
jump,19462,05:24,1-1,6
coinblock hit,19513,05:25,1-1,6
jump,19561,05:26,1-1,6
jump,19621,05:27,1-1,6
coinblock hit,19628,05:27,1-1,6
jump,19681,05:28,1-1,6
jump,19786,05:29,1-1,6
star,19861,05:31,1-1,6
koopa killed,19883,05:31,1-1,6
goomba killed,20008,05:33,1-1,6
goomba killed,20078,05:34,1-1,6
jump,20133,05:35,1-1,6
jump,20194,05:36,1-1,6
jump,20256,05:37,1-1,6
jump,20316,05:38,1-1,6
goomba killed,20397,05:39,1-1,6
jump,20409,05:40,1-1,6
jump,20469,05:41,1-1,6
jump,20566,05:42,1-1,6
jump,21860,06:04,1-2,6
jump,21920,06:05,1-2,6
fire flower,21930,06:05,1-2,6
koopa killed,22125,06:08,1-2,6
jump,22143,06:09,1-2,6
jump,22203,06:10,1-2,6
jump,22263,06:11,1-2,6
koopa killed,22334,06:12,1-2,6
jump,22346,06:12,1-2,6
jump,22414,06:13,1-2,6
koopa killed,22414,06:13,1-2,6
jump,22563,06:16,1-2,6
koopa killed,22572,06:16,1-2,6
goomba killed,22577,06:16,1-2,6
jump,22785,06:19,1-2,6
koopa killed,22797,06:19,1-2,6
jump,22856,06:20,1-2,6
coinblock hit,22906,06:21,1-2,6
koopa killed,22909,06:21,1-2,6
jump,22916,06:21,1-2,6
coinblock hit,22972,06:22,1-2,6
jump,22976,06:22,1-2,6
jump,23036,06:23,1-2,6
goomba killed,23053,06:24,1-2,6
goomba killed,23113,06:25,1-2,6
jump,23201,06:26,1-2,6
jump,23266,06:27,1-2,6
jump,23327,06:28,1-2,6
jump,23454,06:30,1-2,6
jump,23619,06:33,1-2,6
fire flower,23688,06:34,1-2,6
jump,23751,06:35,1-2,6
jump,23823,06:37,1-2,6
jump,23883,06:38,1-2,6
jump,23946,06:39,1-2,6
jump,24014,06:40,1-2,6
jump,24079,06:41,1-2,6
jump,24629,06:50,1-2,6
jump,24690,06:51,1-2,6
jump,24967,06:56,1-2,6
jump,25027,06:57,1-2,6
jump,25094,06:58,1-2,6
jump,25181,06:59,1-2,6
jump,25321,07:02,1-2,6
jump,26051,07:14,1-3,6
jump,26136,07:15,1-3,6
coinblock hit,26179,07:16,1-3,6
jump,26196,07:16,1-3,6
coinblock hit,26231,07:17,1-3,6
jump,26256,07:17,1-3,6
coinblock hit,26292,07:18,1-3,6
jump,26323,07:18,1-3,6
goomba killed,26360,07:19,1-3,6
jump,26432,07:20,1-3,6
coinblock hit,26470,07:21,1-3,6
jump,26492,07:21,1-3,6
jump,26557,07:22,1-3,6
coinblock hit,26575,07:22,1-3,6
jump,26628,07:23,1-3,6
coinblock hit,26634,07:23,1-3,6
jump,26749,07:25,1-3,6
fire flower,26801,07:26,1-3,6
jump,26824,07:27,1-3,6
jump,26906,07:28,1-3,6
jump,26966,07:29,1-3,6
jump,27036,07:30,1-3,6
jump,27132,07:32,1-3,6
jump,27193,07:33,1-3,6
coinblock hit,27267,07:34,1-3,6
jump,27281,07:34,1-3,6
jump,27365,07:36,1-3,6
coinblock hit,27383,07:36,1-3,6
jump,27425,07:37,1-3,6
coinblock hit,27442,07:37,1-3,6
coinblock hit,27497,07:38,1-3,6
coinblock hit,27554,07:39,1-3,6
coinblock hit,27612,07:40,1-3,6
coinblock hit,27670,07:41,1-3,6
jump,27931,07:45,1-3,6
jump,28010,07:46,1-3,6
jump,28090,07:48,1-3,6
jump,28181,07:49,1-3,6
coinblock hit,28210,07:50,1-3,6
jump,28327,07:52,1-3,6
coinblock hit,28384,07:53,1-3,6
jump,28434,07:53,1-3,6
jump,28529,07:55,1-3,6
jump,28590,07:56,1-3,6
coinblock hit,28615,07:56,1-3,6
jump,28651,07:57,1-3,6
jump,28711,07:58,1-3,6
coinblock hit,28725,07:58,1-3,6
jump,28771,07:59,1-3,6
jump,28836,08:00,1-3,6
jump,28906,08:01,1-3,6
jump,29005,08:03,1-3,6
jump,29973,08:19,1-4,6
jump,30235,08:23,1-4,6
jump,30309,08:25,1-4,6
jump,30369,08:26,1-4,6
mushroom,30415,08:26,1-4,6
jump,30429,08:27,1-4,6
jump,30513,08:28,1-4,6
jump,30573,08:29,1-4,6
jump,30852,08:34,1-4,6
jump,30931,08:35,1-4,6
jump,30991,08:36,1-4,6
jump,31093,08:38,1-4,6
jump,31153,08:39,1-4,6
jump,31213,08:40,1-4,6
jump,31273,08:41,1-4,6
jump,31336,08:42,1-4,6
coinblock hit,31386,08:43,1-4,6
jump,31396,08:43,1-4,6
jump,31456,08:44,1-4,6
coinblock hit,31472,08:44,1-4,6
jump,31516,08:45,1-4,6
jump,31576,08:46,1-4,6
jump,32124,08:55,1-4,6
jump,32227,08:57,1-4,6
jump,32287,08:58,1-4,6
jump,32351,08:59,1-4,6
jump,32597,09:03,1-4,6
jump,32891,09:08,1-4,6
jump,32951,09:09,1-4,6
jump,33011,09:10,1-4,6
jump,33118,09:11,1-4,6
coinblock hit,33124,09:12,1-4,6
jump,33200,09:13,1-4,6
jump,33307,09:15,1-4,6
jump,33471,09:17,1-4,6
jump,33685,09:21,1-4,6
jump,284,00:04,1-1,7
jump,349,00:05,1-1,7
jump,462,00:07,1-1,7
jump,625,00:10,1-1,7
coinblock hit,640,00:10,1-1,7
jump,686,00:11,1-1,7
jump,759,00:12,1-1,7
mushroom,773,00:12,1-1,7
jump,826,00:13,1-1,7
jump,946,00:15,1-1,7
jump,1053,00:17,1-1,7
jump,1134,00:18,1-1,7
jump,1194,00:19,1-1,7
jump,1254,00:20,1-1,7
jump,1413,00:23,1-1,7
jump,1507,00:25,1-1,7
goomba killed,1513,00:25,1-1,7
jump,1567,00:26,1-1,7
goomba killed,1573,00:26,1-1,7
fire flower,1606,00:26,1-1,7
jump,1627,00:27,1-1,7
jump,1797,00:29,1-1,7
jump,1912,00:31,1-1,7
jump,1988,00:33,1-1,7
jump,2048,00:34,1-1,7
jump,2108,00:35,1-1,7
jump,2183,00:36,1-1,7
jump,2243,00:37,1-1,7
jump,2303,00:38,1-1,7
jump,2373,00:39,1-1,7
jump,2518,00:41,1-1,7
jump,2578,00:42,1-1,7
jump,2638,00:43,1-1,7
jump,2698,00:44,1-1,7
jump,2758,00:45,1-1,7
jump,2818,00:46,1-1,7
jump,2880,00:48,1-1,7
jump,2940,00:49,1-1,7
goomba killed,3036,00:50,1-1,7
jump,3094,00:51,1-1,7
jump,3154,00:52,1-1,7
jump,3214,00:53,1-1,7
jump,3276,00:54,1-1,7
jump,3336,00:55,1-1,7
jump,3528,00:58,1-1,7
jump,4417,01:13,1-2,7
goomba killed,4918,01:21,1-2,7
koopa killed,4921,01:22,1-2,7
jump,4951,01:22,1-2,7
coinblock hit,4963,01:22,1-2,7
coinblock hit,5003,01:23,1-2,7
jump,5011,01:23,1-2,7
jump,5071,01:24,1-2,7
jump,5150,01:25,1-2,7
jump,5210,01:26,1-2,7
koopa killed,5303,01:28,1-2,7
koopa killed,5439,01:30,1-2,7
goomba killed,5475,01:31,1-2,7
goomba killed,5586,01:33,1-2,7
jump,5656,01:34,1-2,7
koopa killed,5688,01:34,1-2,7
jump,5718,01:35,1-2,7
jump,5798,01:36,1-2,7
koopa killed,5857,01:37,1-2,7
jump,5858,01:37,1-2,7
goomba killed,6026,01:40,1-2,7
jump,6068,01:41,1-2,7
coinblock hit,6078,01:41,1-2,7
jump,6161,01:42,1-2,7
goomba killed,6188,01:43,1-2,7
jump,6266,01:44,1-2,7
jump,6448,01:47,1-2,7
jump,6604,01:50,1-2,7
jump,6733,01:52,1-2,7
jump,6828,01:53,1-2,7
jump,6898,01:54,1-2,7
jump,7395,02:03,1-2,7
jump,7455,02:04,1-2,7
jump,7742,02:09,1-2,7
jump,7802,02:10,1-2,7
jump,7872,02:11,1-2,7
jump,8013,02:13,1-2,7
jump,8800,02:26,1-3,7
jump,8916,02:28,1-3,7
jump,8993,02:29,1-3,7
jump,9053,02:30,1-3,7
jump,9113,02:31,1-3,7
goomba killed,9264,02:34,1-3,7
goomba killed,9324,02:35,1-3,7
jump,9370,02:36,1-3,7
goomba killed,9386,02:36,1-3,7
jump,9472,02:37,1-3,7
jump,9532,02:38,1-3,7
jump,9592,02:39,1-3,7
jump,9652,02:40,1-3,7
jump,9712,02:41,1-3,7
jump,9773,02:42,1-3,7
jump,10319,02:51,1-3,7
jump,10379,02:52,1-3,7
jump,10454,02:54,1-3,7
jump,10514,02:55,1-3,7
jump,10574,02:56,1-3,7
jump,10650,02:57,1-3,7
jump,10711,02:58,1-3,7
jump,11203,03:06,1-3,7
jump,11264,03:07,1-3,7
jump,11327,03:08,1-3,7
jump,11413,03:10,1-3,7
jump,11563,03:12,1-3,7
jump,11653,03:14,1-3,7
jump,11716,03:15,1-3,7
jump,11776,03:16,1-3,7
jump,11837,03:17,1-3,7
jump,11899,03:18,1-3,7
jump,11970,03:19,1-3,7
jump,12037,03:20,1-3,7
jump,12127,03:22,1-3,7
jump,12941,03:35,1-4,7
jump,13024,03:37,1-4,7
jump,13106,03:38,1-4,7
jump,13166,03:39,1-4,7
jump,13443,03:44,1-4,7
jump,13504,03:45,1-4,7
jump,13575,03:46,1-4,7
jump,13635,03:47,1-4,7
jump,13713,03:48,1-4,7
jump,13773,03:49,1-4,7
jump,13835,03:50,1-4,7
